“ϊ•t,‚Ώ•‰‚―,“—Ϋ,ζ”­,“θ,•‰“θ
03/31,›,1,¬}΄ T”V‰ξ,–μ Ήc,ƒƒyƒX
04/01,,0,—Oδ GΝ,ƒOƒƒtƒBƒ“,—Oδ GΝ
04/02,,0,•’J _i,®’J —z•½,΄… ’B–η
04/04,,0,‘ε–μ —Y‘ε,ƒTƒCƒXƒj[ƒh,‘ε–μ —Y‘ε
04/05,,0,–φ —T–η,‚‹΄ υ“ρ,–φ —T–η
04/06,›,0,?‹΄ G“l,?‹΄ G“l,Ξμ ‰λ‹K
04/08,,0,—Oδ GΝ,ƒKƒ[ƒ‹ƒ}ƒ“,—Oδ GΝ
04/09,,0,•’J _i,Ξ“c ’‘ε,•’J _i
04/11,,0,–φ —T–η,‹γ—Ά @,–φ —T–η
04/12,›,0,•’J _i,–μ Ήc,‰““΅ ~u
04/14,›,2,¬}΄ T”V‰ξ,¬}΄ T”V‰ξ,ƒr[ƒfƒB
04/15,,1,?‹΄ G“l,ƒOƒƒtƒBƒ“,?‹΄ G“l
04/16,›,0,—ι–Ψ ”u,‘c•ƒ] ‘ε•γ,Τ― —Du
04/18,,0,—Oδ GΝ,ƒTƒCƒXƒj[ƒh,—Oδ GΝ
04/20,,0,–φ —T–η,‘εΌ Lχ,R–{ ‘ρΐ
04/21,›,0,¬}΄ T”V‰ξ,¬}΄ T”V‰ξ,Β–φ W—m
04/22,,0,?‹΄ G“l,‘Ίγ θρχ,?‹΄ G“l
04/23,›,1,•’J _i,•’J _i,Λ–Ψ _l
04/26,›,0,—Oδ GΝ,—Oδ GΝ,‘ε£—Η ‘ε’n
04/27,,1,–φ —T–η,–ξθ ‘ρ–η,»“c ‹Bχ
04/28,,0,¬}΄ T”V‰ξ,΅‰i Έ‘Ύ,¬}΄ T”V‰ξ
04/29,,0,Ό—t ‹M‘ε,O“ κ‹P,—ι–Ψ ”u
04/30,,0,?‹΄ G“l,“ χ,?‹΄ G“l
05/02,›,0,•’J _i,•’J _i,Β–φ W—m
05/03,,0,—Oδ GΝ,ƒPƒ‰[,ƒ}ƒ‹ƒeƒBƒlƒX
05/04,,0,–φ —T–η,‹yμ ‰λ‹M,–φ —T–η
05/05,›,0,¬}΄ T”V‰ξ,• h“o,“c’† η°
05/06,›,1,Ό—t ‹M‘ε,‘c•ƒ] ‘ε•γ,Oγ •ό–η
05/07,›,0,?‹΄ G“l,“c“‡ T“ρ,’Ό] ‘ε•γ
05/09,,0,•’J _i,°“c °χ,‘c•ƒ] ‘ε•γ
05/10,,0,—Oδ GΝ,‹γ—Ά @,—Oδ GΝ
05/11,,0,–φ —T–η,–ξθ ‘ρ–η,“c“‡ T“ρ
05/12,›,2,¬}΄ T”V‰ξ,¬}΄ T”V‰ξ,‚— —T–«
05/13,,0,’‡’n —η,ƒs[ƒ^[ƒY,’‡’n —η
05/14,,0,?‹΄ G“l,¬μ ‘ΧO,?‹΄ G“l
05/16,,0,•’J _i,‘Ίγ θρχ,•’J _i
05/17,,0,—Oδ GΝ,Ό —E‹P,—Oδ GΝ
05/18,,0,–φ —T–η,Ι“΅ «i,–φ —T–η
05/20,,0,¬}΄ T”V‰ξ,ƒOƒƒtƒBƒ“,¬}΄ T”V‰ξ
05/21,,0,?‹΄ G“l,Όδ ιD,?‹΄ G“l
05/23,›,0,•’J _i,•’J _i,‘ε£—Η ‘ε’n
05/24,,0,—Oδ GΝ,‹γ—Ά @,—Oδ GΝ
05/25,›,0,–φ —T–η,–φ —T–η,ƒRƒ‹ƒjƒGƒ‹
05/26,›,1,¬}΄ T”V‰ξ,¬}΄ T”V‰ξ,ƒKƒ[ƒ‹ƒ}ƒ“
05/27,›,0,Ό—t ‹M‘ε,ƒ}ƒ‹ƒeƒBƒlƒX,O“ κ‹P
05/28,,0,?‹΄ G“l,‘εΡ Wκ,?‹΄ G“l
05/30,,0,•’J _i,‘εΦ —F‹v,•’J _i
05/31,›,1,—Oδ GΝ,—Oδ GΝ,“•l ‹
06/01,›,0,–φ —T–η,΄… ’B–η,’ΓX —G‹I
06/02,›,1,¬}΄ T”V‰ξ,–μ Ήc,ƒƒQƒXƒpƒbƒN
06/03,,0,Ό—t ‹M‘ε,R? •–η,–μ Ήc
06/04,,0,?‹΄ G“l,‹{ι ‘ε–ν,‘c•ƒ] ‘ε•γ
06/06,›,0,—ι–Ψ ”u,—ι–Ψ ”u,δoΐ Cl
06/07,,4,—Oδ GΝ,‘“c ’B,‘c•ƒ] ‘ε•γ
06/08,›,2,–φ —T–η,–φ —T–η,‹{μ “N
06/09,,1,¬}΄ T”V‰ξ,“n•Σ γΔ‘Ύ,¬}΄ T”V‰ξ
06/10,,0,Ό—t ‹M‘ε,‘μ —²‹v,Ό—t ‹M‘ε
06/13,›,1,?‹΄ G“l,?‹΄ G“l,¬“‡ aΖ
06/14,,0,—Oδ GΝ,νs “Δτ,—Oδ GΝ
06/15,Ά,1,–φ —T–η,,
06/16,,0,¬}΄ T”V‰ξ,γ‘ς ’Ό”V,¬}΄ T”V‰ξ
06/17,,0,Ό—t ‹M‘ε,Ι“΅ ‘εC,“΅“ ’l
06/18,,0,•’J _i,–kR jξ,•’J _i
06/21,›,0,?‹΄ G“l,?‹΄ G“l,‘λ’† —Δ‘Ύ
06/23,,0,¬}΄ T”V‰ξ,ƒTƒCƒXƒj[ƒh,¬}΄ T”V‰ξ
06/24,›,0,ƒƒqƒA,‘c•ƒ] ‘ε•γ,¬μ ‘ΧO
06/25,›,1,—Oδ GΝ,—Oδ GΝ,‚‹΄ υ“ρ
06/27,,0,–φ —T–η,Ό —E‹P,–φ —T–η
06/28,›,0,?‹΄ G“l,–μ Ήc,“‡–{ _–η
06/29,,0,Ό—t ‹M‘ε,‘Ίγ θρχ,Ό—t ‹M‘ε
06/30,›,0,¬}΄ T”V‰ξ,΄… ’B–η,Ι¨ ‘ε–²
07/01,Ά,0,ƒƒqƒA,,
07/02,,0,—Oδ GΝ,“ χ,—Oδ GΝ
07/04,,0,–φ —T–η,R? ΙD,–φ —T–η
07/05,,0,?‹΄ G“l,“c’† η°,‘c•ƒ] ‘ε•γ
07/07,›,0,¬}΄ T”V‰ξ,¬}΄ T”V‰ξ,‹γ—Ά @
07/08,›,0,ƒƒqƒA,ƒƒqƒA,‘ε£—Η ‘ε’n
07/09,,0,—Oδ GΝ,X γΔ•½,—Oδ GΝ
07/11,›,0,–φ —T–η,–φ —T–η,ƒTƒCƒXƒj[ƒh
07/12,,2,•’J _i,‘εΌ Lχ,‘c•ƒ] ‘ε•γ
07/13,›,0,¬}΄ T”V‰ξ,¬}΄ T”V‰ξ,¬ΰV —εj
07/15,›,1,?‹΄ G“l,΄… ’B–η,“‡–{ _–η
07/16,›,0,ƒƒqƒA,ƒƒqƒA,Ι“΅ «i
07/17,,0,—Oδ GΝ,Ό ƒ–ξ,—Oδ GΝ
07/22,,1,?‹΄ G“l,X‰Ί ’¨m,–μ Ήc
07/23,,0,–φ —T–η,‘ε£—Η ‘ε’n,–φ —T–η
07/25,,0,¬}΄ T”V‰ξ,΅‰i Έ‘Ύ,¬}΄ T”V‰ξ
07/26,›,0,’‡’n —η,’‡’n —η,ƒKƒ[ƒ‹ƒ}ƒ“
07/27,,0,ƒƒqƒA,ƒoƒEƒA[,ƒƒqƒA
07/28,,0,—Oδ GΝ,‘D”— ‘ε‰λ,—Oδ GΝ
07/29,,0,?‹΄ G“l,R? ΙD,?‹΄ G“l
07/30,,0,–φ —T–η,‚— —Y•½,΄… ’B–η
08/01,,0,¬}΄ T”V‰ξ,Ό ƒ–ξ,¬}΄ T”V‰ξ
08/02,›,1,ƒƒqƒA,βV“΅ j‹L,HR ‘ρ–¤
08/03,,1,’‡’n —η,ƒr[ƒYƒ[,’‡’n —η
08/04,›,0,Ό—t ‹M‘ε,Ό—t ‹M‘ε,ƒTƒCƒXƒj[ƒh
08/05,›,0,?‹΄ G“l,?‹΄ G“l,¬μ ‘ΧO
08/06,,0,–φ —T–η,¬ΰV —εj,–φ —T–η
08/08,,1,¬}΄ T”V‰ξ,R? NW,¬}΄ T”V‰ξ
08/09,,0,—ι–Ψ ”u,ƒoƒEƒA[,—ι–Ψ ”u
08/10,,0,’‡’n —η,?ϋ —y‘ε,’‡’n —η
08/11,Ά,0,Ό—t ‹M‘ε,,
08/12,›,0,?‹΄ G“l,?‹΄ G“l,X‰Ί ’¨m
08/13,›,0,–φ —T–η,ƒ}ƒ‹ƒeƒBƒlƒX,–ξθ ‘ρ–η
08/16,›,1,¬}΄ T”V‰ξ,ƒ}ƒ‹ƒeƒBƒlƒX,‘D”— ‘ε‰λ
08/17,,0,Ό—t ‹M‘ε,›–μ ’q”V,Ό—t ‹M‘ε
08/18,,0,’‡’n —η,ƒs[ƒ^[ƒY,’‡’n —η
08/19,,0,?‹΄ G“l,― ’m–ν,?‹΄ G“l
08/20,,0,–φ —T–η,ƒTƒCƒXƒj[ƒh,–φ —T–η
08/22,,0,—Oδ GΝ,“‡–{ _–η,“c“‡ T“ρ
08/23,,0,¬}΄ T”V‰ξ,‘ε’| k‘ΎY,¬}΄ T”V‰ξ
08/25,,0,Ό—t ‹M‘ε,ƒoƒEƒA[,Ό—t ‹M‘ε
08/26,,0,?‹΄ G“l,γ’ƒ’J ‘ε‰Ν,΄… ’B–η
08/27,›,0,–φ —T–η,ƒtƒFƒƒX,X΄ N•½
08/29,›,1,—Oδ GΝ,—Oδ GΝ,ƒTƒCƒXƒj[ƒh
08/30,›,0,¬}΄ T”V‰ξ,¬}΄ T”V‰ξ,¬ΰV —εj
08/31,,1,”~’Γ W‘ε,¬μ ‘ΧO,”~’Γ W‘ε
09/01,›,0,’‡’n —η,“΅“ ’l,“‡“ΰ ιD‘ΎY
09/02,,0,?‹΄ G“l,X‰Ί ’¨m,?‹΄ G“l
09/03,›,0,–φ —T–η,–φ —T–η,‹γ—Ά @
09/05,,0,—Oδ GΝ,Ό —E‹P,—Oδ GΝ
09/06,,0,¬}΄ T”V‰ξ,Λ–Ψ _l,¬}΄ T”V‰ξ
09/08,Ά,0,’‡’n —η,,
09/09,,0,?‹΄ G“l,›–μ ’q”V,?‹΄ G“l
09/10,,0,–φ —T–η,ƒƒ“ƒfƒX,–φ —T–η
09/12,›,0,—Oδ GΝ,—Oδ GΝ,‘εΡ Wκ
09/13,›,0,”~’Γ W‘ε,βV“΅ j‹L,Ι¨ ‘ε–²
09/14,,0,¬}΄ T”V‰ξ,“ χ,¬}΄ T”V‰ξ
09/15,,0,’‡’n —η,Λ‹½ γΔ,’‡’n —η
09/16,›,0,?‹΄ G“l,?‹΄ G“l,›–μ ’q”V
09/17,,0,–φ —T–η,‹γ—Ά @,–φ —T–η
09/18,›,1,”φ V,–μ Ήc,‘ε“Ή ‰·‹M
09/20,,0,ƒƒqƒA,“cϋ —ν“l,ΌR W–η
09/21,›,0,¬}΄ T”V‰ξ,‹΄–{ Πχ,ƒTƒCƒXƒj[ƒh
09/23,›,0,?‹΄ G“l,?‹΄ G“l,?ϋ —y‘ε
09/24,Ά,0,–φ —T–η,,
09/25,›,1,”~’Γ W‘ε,”~’Γ W‘ε,‘Ίγ θρχ
09/26,,0,—Oδ GΝ,°“c °χ,—Oδ GΝ
09/27,›,1,ƒƒqƒA,ƒƒqƒA,•x“c @
09/29,›,0,’‡’n —η,’‡’n —η,X‰Ί ’¨m
09/30,›,1,”φ V,ΌR W–η,’†μ α©‘Ύ
10/01,,0,?‹΄ G“l,‘εΡ Wκ,?‹΄ G“l
10/03,,0,¬}΄ T”V‰ξ,Τ― —Du,¬}΄ T”V‰ξ
03/29,,0,–φ —T–η,–ΨΰV ®•¶,ΌR W–η
03/30,Ά,0,—Oδ GΝ,,
03/31,,0,ƒƒqƒA,ƒ„ƒt[ƒ,ƒƒqƒA
04/02,›,1,¬}΄ T”V‰ξ,΄… ’B–η,’†μ α©‘Ύ
04/03,›,0,‘ε–μ —Y‘ε,‘ε–μ —Y‘ε,ƒƒ“ƒfƒX
04/04,,0,”~’Γ W‘ε,›–μ ’q”V,”~’Γ W‘ε
04/05,›,0,–φ —T–η,–φ —T–η,‹γ—Ά @
04/06,›,0,—Oδ GΝ,—Oδ GΝ,ƒnƒbƒ`
04/07,›,0,ƒƒqƒA,ƒƒqƒA,•΄ ‘ρ–Ά
04/09,›,0,¬}΄ T”V‰ξ,¬}΄ T”V‰ξ,ƒWƒƒƒNƒ\ƒ“
04/10,›,0,Ό—t ‹M‘ε,Ό—t ‹M‘ε,¬‰€ ’‘Ύ
04/12,Ά,0,–φ —T–η,,
04/13,›,0,ƒƒqƒA,ƒƒqƒA,‘ε’| k‘ΎY
04/14,,0,”~’Γ W‘ε,Λ–Ψ _l,”~’Γ W‘ε
04/16,›,1,¬}΄ T”V‰ξ,‹΄–{ Πχ,΄… Έ
04/17,›,0,—Oδ GΝ,βV“΅ j‹L,¬ΰV —εj
04/18,,0,–φ —T–η,‚‹΄ υ“ρ,–φ —T–η
04/19,,1,ƒƒqƒA,Β–φ W—m,ƒƒqƒA
04/20,,0,‘ε–μ —Y‘ε,‘ε’| k‘ΎY,‘ε–μ —Y‘ε
04/21,,0,Ό—t ‹M‘ε,Λ–Ψ _l,Ό—t ‹M‘ε
04/23,,0,¬}΄ T”V‰ξ,R? ΙD,¬}΄ T”V‰ξ
04/24,›,0,—Oδ GΝ,—Oδ GΝ,Τ― —Du
04/25,,0,–φ —T–η,›–μ ’q”V,–φ —T–η
04/27,,0,”~’Γ W‘ε,X‰Ί ’¨m,”~’Γ W‘ε
04/28,Ά,0,?‹΄ G“l,,
04/29,›,0,Ό—t ‹M‘ε,Ό—t ‹M‘ε,ƒWƒƒƒNƒ\ƒ“
04/30,,0,¬}΄ T”V‰ξ,’†μ ιD,¬}΄ T”V‰ξ
05/01,,0,—Oδ GΝ,Ξ“c ’‘ε,—Oδ GΝ
05/03,,0,ƒƒqƒA,‘εΌ Lχ,–μ Ήc
05/04,Ά,0,–φ —T–η,,
05/05,›,0,?‹΄ G“l,?‹΄ G“l,¬ΰV —εj
05/06,›,0,”~’Γ W‘ε,”~’Γ W‘ε,‰΅μ M
05/07,,0,—Oδ GΝ,R? ΙD,—Oδ GΝ
05/08,,0,¬}΄ T”V‰ξ,–x“c «T,¬}΄ T”V‰ξ
05/10,,0,Ό—t ‹M‘ε,ƒAƒhƒDƒ ½,Ό—t ‹M‘ε
05/11,›,0,–φ —T–η,–φ —T–η,‹γ—Ά @
05/14,›,0,?‹΄ G“l,βV“΅ j‹L,‘Ίγ θρχ
05/15,,1,¬}΄ T”V‰ξ,“‡–{ _–η,βV“΅ j‹L
05/16,,2,”~’Γ W‘ε,Ό —E‹P,”~’Γ W‘ε
05/17,,1,—Oδ GΝ,“ χ,—Oδ GΝ
05/18,,1,Ό—t ‹M‘ε,’†μ ιD,Ό—t ‹M‘ε
05/19,›,0,–φ —T–η,–φ —T–η,‘εΡ Wκ
05/21,Ά,1,?‹΄ G“l,,
05/22,›,1,¬}΄ T”V‰ξ,¬}΄ T”V‰ξ,–x“c «T
05/24,,2,—Oδ GΝ,R–{ ‘ε‹M,ƒ}ƒ‹ƒeƒBƒlƒX
05/25,›,0,ƒƒqƒA,ƒƒqƒA,ƒ„ƒt[ƒ
05/26,›,1,’‡’n —η,‹΄–{ Πχ,Ό–{ ’α
05/28,›,0,?‹΄ G“l,?‹΄ G“l,΅δ ’B–η
05/29,,1,¬}΄ T”V‰ξ,‹χ“c ’mκY,¬}΄ T”V‰ξ
05/30,,0,–φ —T–η,•“ΰ ‰Δτ,–φ —T–η
05/31,,2,—Oδ GΝ,ƒ}ƒ`ƒƒƒh,ΌR W–η
06/01,›,0,ƒƒqƒA,“΅“ ’l,Λ–Ψ CγΔ
06/02,›,0,”~’Γ W‘ε,”~–μ —Yα,Ά•” γΔ‘Ύ
06/04,,1,?‹΄ G“l,™R κχ,ƒ}ƒ‹ƒeƒBƒlƒX
06/05,,0,¬}΄ T”V‰ξ,‘εΦ —F‹v,¬}΄ T”V‰ξ
06/06,›,1,–φ —T–η,–φ —T–η,Ξμ •A‘Ύ
06/07,,1,—Oδ GΝ,‘μ —²‹v,—Oδ GΝ
06/08,,0,ƒƒqƒA,ΓΣ χ,ƒƒqƒA
06/09,›,1,Ό—t ‹M‘ε,Ό—t ‹M‘ε,έ F”V
06/11,›,0,?‹΄ G“l,?‹΄ G“l,γ΄ ’‘Ύ
06/12,,0,¬}΄ T”V‰ξ,Ι“΅ ‘εC,¬}΄ T”V‰ξ
06/13,,0,”~’Γ W‘ε,R–{ ‘ρΐ,“΅“ ’l
06/14,›,2,—Oδ GΝ,ΌR W–η,β–{ υmY
06/15,,0,ƒƒqƒA,‚–μ γω‘Ώ,ƒƒqƒA
06/16,,0,–φ —T–η,ƒƒ‹ƒZƒfƒX,–φ —T–η
06/21,›,0,?‹΄ G“l,?‹΄ G“l,°“c °χ
06/22,,0,ƒƒqƒA,‘ε£—Η ‘ε’n,ƒƒqƒA
06/23,›,0,Ό—t ‹M‘ε,ΌR W–η,“‡“ΰ ιD‘ΎY
06/25,›,1,¬}΄ T”V‰ξ,¬}΄ T”V‰ξ,Λ–Ψ _l
06/26,Ά,1,—Oδ GΝ,,
06/27,,0,”~’Γ W‘ε,‘Ίγ θρχ,”~’Γ W‘ε
06/28,,0,?‹΄ G“l,ƒWƒƒƒNƒ\ƒ“,?‹΄ G“l
06/29,,0,‘ε–μ —Y‘ε,“ χ,‘ε–μ —Y‘ε
06/30,›,1,Ό—t ‹M‘ε,βV“΅ j‹L,“ΏR ‘s–
07/02,›,0,¬}΄ T”V‰ξ,¬}΄ T”V‰ξ,R? ΙD
07/03,,0,—Oδ GΝ,δγ ‰·‘ε,—Oδ GΝ
07/05,›,0,?‹΄ G“l,?‹΄ G“l,°“c °χ
07/06,›,0,”~’Γ W‘ε,”~’Γ W‘ε,‘ε£—Η ‘ε’n
07/07,›,0,Ό—t ‹M‘ε,ƒ}ƒ‹ƒeƒBƒlƒX,I—Ρ —Η—™
07/09,,0,¬}΄ T”V‰ξ,“ΏR ‘s–,ƒtƒFƒƒX
07/10,,0,Ό–Ψ•½ —D‘Ύ,“ χ,Ό–Ψ•½ —D‘Ύ
07/11,,1,ƒƒqƒA,X΄ N•½,βV“΅ j‹L
07/12,›,0,?‹΄ G“l,?‹΄ G“l,‘Ίγ θρχ
07/13,›,0,—Oδ GΝ,“΅“ ’l,½΄ ‘εξ
07/14,,0,Ό—t ‹M‘ε,Ξδ ‘ε’q,‹΄–{ Πχ
07/15,,0,”~’Γ W‘ε,ƒ„ƒt[ƒ,”~’Γ W‘ε
07/16,,0,¬}΄ T”V‰ξ,¬ΰV —εj,“΅“ ’l
07/19,›,0,?‹΄ G“l,?‹΄ G“l,Λ‹½ γΔ
07/20,,0,ƒƒqƒA,ƒOƒƒtƒBƒ“,ƒƒqƒA
07/21,,0,Ό—t ‹M‘ε,›–μ ’q”V,Ό—t ‹M‘ε
07/26,,0,¬}΄ T”V‰ξ,‘Ίγ θρχ,¬}΄ T”V‰ξ
07/27,,0,ƒƒqƒA,‘ε’| k‘ΎY,ƒƒqƒA
07/28,,2,Ό—t ‹M‘ε,‰—― ‰p‹M,ƒ}ƒ‹ƒeƒBƒlƒX
07/30,›,0,?‹΄ G“l,?‹΄ G“l,ƒ„ƒt[ƒ
07/31,›,0,Ό–Ψ•½ —D‘Ύ,Ό–Ψ•½ —D‘Ύ,ƒTƒCƒXƒj[ƒh
08/01,›,0,”~’Γ W‘ε,“΅“ ’l,–ΨΰV ®•¶
08/02,,0,¬}΄ T”V‰ξ,•΄ ‘ρ–Ά,¬}΄ T”V‰ξ
08/03,,0,‘ε–μ —Y‘ε,X‰Ί ’¨m,‘ε–μ —Y‘ε
08/04,,0,”φ V,‹γ—Ά @,”φ V
08/06,›,0,?‹΄ G“l,?‹΄ G“l,?ϋ —y‘ε
08/07,Ά,0,Ό–Ψ•½ —D‘Ύ,,
08/08,,0,Ό—t ‹M‘ε,ƒWƒƒƒNƒ\ƒ“,Ό—t ‹M‘ε
08/09,›,1,¬}΄ T”V‰ξ,¬}΄ T”V‰ξ,–”–Ψ “S•½
08/10,,0,ƒƒqƒA,δγ ‰·‘ε,ƒƒqƒA
08/11,,1,‘ε–μ —Y‘ε,›–μ ’q”V,‘ε–μ —Y‘ε
08/12,,0,”~’Γ W‘ε,¬ΰV —εj,ΌR W–η
08/13,›,0,?‹΄ G“l,?‹΄ G“l,ƒ„ƒt[ƒ
08/14,,1,Ό–Ψ•½ —D‘Ύ,ƒƒhƒƒQƒX,βV“΅ j‹L
08/16,›,0,¬}΄ T”V‰ξ,‹΄–{ Πχ,ƒr[ƒYƒ[
08/17,Ά,0,ƒƒqƒA,,
08/18,›,0,‘ε–μ —Y‘ε,‘ε–μ —Y‘ε,‘ε’| k‘ΎY
08/20,,0,?‹΄ G“l,’†μ ιD,?‹΄ G“l
08/21,,0,Ό–Ψ•½ —D‘Ύ,“ χ,Ό–Ψ•½ —D‘Ύ
08/22,›,2,Ό—t ‹M‘ε,΄… ’B–η,X΄ N•½
08/23,›,0,•’J _i,•’J _i,ΌΪ —E—z
08/24,,0,–φ —T–η,δγ ‰·‘ε,–φ —T–η
08/25,,1,‘ε–μ —Y‘ε,›–μ ’q”V,‘ε–μ —Y‘ε
08/27,›,0,?‹΄ G“l,?‹΄ G“l,X‰Ί ’¨m
08/28,,1,¬}΄ T”V‰ξ,°“c °χ,¬}΄ T”V‰ξ
08/29,›,0,Ό—t ‹M‘ε,Ό—t ‹M‘ε,‹γ—Ά @
09/03,,0,?‹΄ G“l,?‹΄ —yl,?‹΄ G“l
09/04,,0,¬}΄ T”V‰ξ,‘Ίγ θρχ,¬}΄ T”V‰ξ
09/05,,0,‘ε–μ —Y‘ε,‘ε’| k‘ΎY,‘ε–μ —Y‘ε
09/06,›,0,Ό—t ‹M‘ε,Ό—t ‹M‘ε,‘ε£—Η ‘ε’n
09/07,,0,•’J _i,‹γ—Ά @,•’J _i
09/08,›,0,–φ —T–η,βV“΅ j‹L,‹Κ‘Ί Έε
09/10,›,0,?‹΄ G“l,?‹΄ G“l,ƒ„ƒt[ƒ
